{
  "language": "Python",
  "results": {
    "csv_write": {
      "mean": 3.337213379100001,
      "std": 0.13043579254637397,
      "min": 3.1208665350000047,
      "max": 3.632648195999991,
      "file_size_mb": 40.56827259063721
    },
    "csv_read": {
      "mean": 0.3692598070999793,
      "std": 0.008747251288811741,
      "min": 0.35944412699996064,
      "max": 0.40722984999990786,
      "rows_read": 1000000
    },
    "binary_write": {
      "mean": 0.002361088533344476,
      "std": 0.0002902807547289505,
      "min": 0.002234533999967425,
      "max": 0.0036435380000057194,
      "file_size_mb": 7.62939453125
    },
    "binary_read": {
      "mean": 0.0009226229999967472,
      "std": 0.00022413015509830777,
      "min": 0.0008362400000123671,
      "max": 0.0019356689999767696,
      "values_read": 1000000
    }
  }
}