{
  "language": "Python",
  "numpy_version": "2.4.4",
  "matrix_size": 2500,
  "n_runs": 30,
  "methodology": "Minimum time as primary estimator (Chen & Revels 2016)",
  "results": {
    "matrix_creation": {
      "mean": 0.1514637819999848,
      "std": 0.001771904336197864,
      "min": 0.14982384799998272,
      "max": 0.15770460299995648,
      "times": [
        0.1518034449999277,
        0.15770460299995648,
        0.1520084549999865,
        0.15098147200001222,
        0.15286310799990588,
        0.15055458200004068,
        0.15030318700007683,
        0.1500712399999884,
        0.14982384799998272,
        0.1507024539999975,
        0.153134313999999,
        0.1501245149999022,
        0.15014733099997102,
        0.15077365599995574,
        0.1513995210000303,
        0.15162619399995947,
        0.1502851660000033,
        0.15238957400003983,
        0.15282076699998015,
        0.15022719099999904,
        0.1501486739999791,
        0.14985385499994663,
        0.15183647499998187,
        0.15580226700001276,
        0.15002569699993273,
        0.15034706799997366,
        0.15033135800001673,
        0.1502748640000391,
        0.15298328699998365,
        0.15256529199996294
      ]
    },
    "matrix_power": {
      "mean": 0.10817257803334997,
      "std": 0.0007867780620419615,
      "min": 0.1070563170000014,
      "max": 0.11116726099999141,
      "times": [
        0.10777998400010347,
        0.10732049900002494,
        0.11116726099999141,
        0.10762473600004796,
        0.10850650300005782,
        0.1090868239999736,
        0.10762340400003723,
        0.10851383599992914,
        0.10798490300010144,
        0.10767825499999617,
        0.10844367899994722,
        0.10720349400003215,
        0.10826626799996575,
        0.108668286000011,
        0.10804736700004014,
        0.10774167700003545,
        0.1078386890000047,
        0.10836170300001413,
        0.1079134569999951,
        0.10765231300001687,
        0.1070563170000014,
        0.10839891099999477,
        0.1076994239999749,
        0.10762062100002368,
        0.10860808300003555,
        0.10748900600003708,
        0.1086578480000071,
        0.10787920999996459,
        0.10927265000009356,
        0.1090721330000406
      ]
    },
    "sorting": {
      "mean": 0.012519418166668099,
      "std": 0.00011397857694333063,
      "min": 0.012376266000046598,
      "max": 0.012979876999906992,
      "times": [
        0.012458856000080232,
        0.012628675000087242,
        0.012577412000041477,
        0.012604388999989169,
        0.012575924999964627,
        0.012565359000063836,
        0.012574648999930105,
        0.01254047800000535,
        0.012381804999904489,
        0.01244960799999717,
        0.012431277000018781,
        0.012419196999985616,
        0.012519639999936771,
        0.012565340000037395,
        0.012467777999972895,
        0.012420999000028132,
        0.012452383999971062,
        0.012655027000050723,
        0.012549487000001136,
        0.012376266000046598,
        0.012478745000066738,
        0.012546000000043023,
        0.012476633000005677,
        0.012416181999924447,
        0.012457306999976936,
        0.012979876999906992,
        0.012628890999963005,
        0.012465198999962013,
        0.012487574000033419,
        0.0124315860000479
      ]
    },
    "crossproduct": {
      "mean": 0.15663296790000156,
      "std": 0.025640806594790445,
      "min": 0.13961233800000628,
      "max": 0.24480667399996037,
      "times": [
        0.14465112499999577,
        0.13961233800000628,
        0.14178085200001078,
        0.23227070800010097,
        0.14061767700002292,
        0.14142441799992866,
        0.19946271000003435,
        0.14500407399998494,
        0.15008514299995568,
        0.14187967800000933,
        0.14196058200002426,
        0.14234668299991426,
        0.14290732199992817,
        0.14239566300000206,
        0.1449983230000953,
        0.14546426899994458,
        0.1443736029999627,
        0.14734887999998136,
        0.1487821090000807,
        0.14954118799994376,
        0.24480667399996037,
        0.17409530199995515,
        0.18365584900004706,
        0.1533902119999766,
        0.1503124430000753,
        0.14897248600004787,
        0.16748432700001104,
        0.15335900100001254,
        0.14523468999993838,
        0.1507707080000955
      ]
    },
    "determinant": {
      "mean": 0.16866036046665916,
      "std": 0.012266758402143611,
      "min": 0.14494719200001782,
      "max": 0.20133960399994066,
      "times": [
        0.14494719200001782,
        0.17625275699992926,
        0.20133960399994066,
        0.14817019500003425,
        0.1543987020000941,
        0.15550197400000343,
        0.14662036999993688,
        0.17712588100005178,
        0.18551378300003307,
        0.16265174099999058,
        0.16489331799994034,
        0.16291034899995793,
        0.162147556999912,
        0.15988538499993865,
        0.15836402499996893,
        0.15920146799999202,
        0.17033764200004953,
        0.16801726599999256,
        0.1809536460000345,
        0.1698384480000641,
        0.17125351899994712,
        0.17963274700002785,
        0.1783028980000836,
        0.17400376099999448,
        0.1812094539999407,
        0.1708429629999273,
        0.18278720399996473,
        0.1707008500000029,
        0.1688980310000261,
        0.17310808399997768
      ]
    }
  }
}