{
    "n_runs": 30,
    "julia_version": "1.12.6",
    "matrix_size": 2500,
    "n_warmup": 5,
    "sorting_size": 1000000,
    "language": "Julia",
    "enhanced_stats": true,
    "julia_num_threads": "8",
    "results": {
        "matrix_creation": {
            "median": 0.04751551151275635,
            "max": 0.05020904541015625,
            "min": 0.04320716857910156,
            "times": [
                0.04452705383300781,
                0.04320716857910156,
                0.0454859733581543,
                0.04587602615356445,
                0.04889798164367676,
                0.045716047286987305,
                0.04864001274108887,
                0.04876399040222168,
                0.047904014587402344,
                0.04887700080871582,
                0.04480886459350586,
                0.04633307456970215,
                0.04619598388671875,
                0.049575090408325195,
                0.04956412315368652,
                0.046885013580322266,
                0.05020904541015625,
                0.04863095283508301,
                0.04841494560241699,
                0.048621177673339844,
                0.050026893615722656,
                0.04812312126159668,
                0.04519796371459961,
                0.0480039119720459,
                0.04986405372619629,
                0.04712700843811035,
                0.04458808898925781,
                0.04421114921569824,
                0.04538083076477051,
                0.04425501823425293
            ],
            "mean": 0.04713038603464762,
            "std": 0.0020534915985472224
        },
        "determinant": {
            "median": 0.8971329927444458,
            "max": 1.0853910446166992,
            "min": 0.5774259567260742,
            "times": [
                0.8995499610900879,
                0.9521920680999756,
                0.9185690879821777,
                0.8863840103149414,
                0.8896820545196533,
                0.6627368927001953,
                0.8705880641937256,
                0.9489898681640625,
                1.0214929580688477,
                1.065397024154663,
                0.8533730506896973,
                0.9347178936004639,
                0.5774259567260742,
                0.7373020648956299,
                0.9441609382629395,
                0.961292028427124,
                0.9012551307678223,
                1.0853910446166992,
                0.6875920295715332,
                0.9125111103057861,
                0.9398880004882812,
                0.8980309963226318,
                0.8783750534057617,
                0.8962349891662598,
                0.7774350643157959,
                0.7143769264221191,
                0.6769189834594727,
                0.8834841251373291,
                0.9066669940948486,
                0.7353739738464355
            ],
            "mean": 0.8672462781270345,
            "std": 0.12046564923901146
        },
        "crossproduct": {
            "median": 0.37248551845550537,
            "max": 0.5997228622436523,
            "min": 0.3076159954071045,
            "times": [
                0.49641895294189453,
                0.5997228622436523,
                0.33777308464050293,
                0.4479100704193115,
                0.39737987518310547,
                0.40446996688842773,
                0.371412992477417,
                0.382781982421875,
                0.3767528533935547,
                0.48969197273254395,
                0.37355804443359375,
                0.4268770217895508,
                0.36127591133117676,
                0.3490619659423828,
                0.3458108901977539,
                0.3426079750061035,
                0.3668830394744873,
                0.3463859558105469,
                0.3232409954071045,
                0.3076159954071045,
                0.3658928871154785,
                0.37456583976745605,
                0.38938188552856445,
                0.3424491882324219,
                0.4187040328979492,
                0.3849160671234131,
                0.3636660575866699,
                0.3482201099395752,
                0.36336207389831543,
                0.3861658573150635
            ],
            "mean": 0.3861652135848999,
            "std": 0.058964757513266804
        },
        "matrix_power": {
            "median": 0.10195815563201904,
            "max": 0.14973092079162598,
            "min": 0.08201193809509277,
            "times": [
                0.12509608268737793,
                0.08457684516906738,
                0.08721494674682617,
                0.12000703811645508,
                0.08201193809509277,
                0.12655115127563477,
                0.14973092079162598,
                0.10279512405395508,
                0.10592508316040039,
                0.13567399978637695,
                0.10644888877868652,
                0.10852909088134766,
                0.10618901252746582,
                0.1138761043548584,
                0.10608983039855957,
                0.10112118721008301,
                0.12914204597473145,
                0.09972691535949707,
                0.09188389778137207,
                0.08608794212341309,
                0.08748602867126465,
                0.12584400177001953,
                0.08634591102600098,
                0.09676289558410645,
                0.08398008346557617,
                0.08810901641845703,
                0.11870813369750977,
                0.08292388916015625,
                0.09193897247314453,
                0.08645796775817871
            ],
            "mean": 0.10390783150990804,
            "std": 0.018186991683647742
        },
        "sorting": {
            "median": 0.034192562103271484,
            "max": 0.07193112373352051,
            "min": 0.032206058502197266,
            "times": [
                0.03315114974975586,
                0.032206058502197266,
                0.03282284736633301,
                0.034232139587402344,
                0.0343630313873291,
                0.04853105545043945,
                0.07193112373352051,
                0.03370809555053711,
                0.0377500057220459,
                0.03429722785949707,
                0.03371286392211914,
                0.0353848934173584,
                0.03340601921081543,
                0.03576993942260742,
                0.03290081024169922,
                0.06916189193725586,
                0.034394025802612305,
                0.04028606414794922,
                0.03350210189819336,
                0.034399986267089844,
                0.03332805633544922,
                0.033902883529663086,
                0.048217058181762695,
                0.06718897819519043,
                0.032582998275756836,
                0.03272199630737305,
                0.034152984619140625,
                0.033349037170410156,
                0.03277993202209473,
                0.03516411781311035
            ],
            "mean": 0.03864331245422363,
            "std": 0.011168017709150109
        }
    },
    "methodology": "Minimum time as primary estimator (Chen & Revels 2016)"
}