{
  "language": "Python",
  "numpy_version": "2.3.5",
  "matrix_size": 2500,
  "n_runs": 30,
  "methodology": "Minimum time as primary estimator (Chen & Revels 2016)",
  "results": {
    "matrix_creation": {
      "mean": 0.14842343783333642,
      "std": 0.0008678912495174028,
      "min": 0.14735953299998528,
      "max": 0.15086625200001436,
      "times": [
        0.14743207499998334,
        0.1479004679999889,
        0.14766802600001938,
        0.14850575900004515,
        0.14823260000002847,
        0.14758053200000631,
        0.14749092200008818,
        0.14751104499998746,
        0.1483748090000745,
        0.14947960000006333,
        0.14966930899993258,
        0.14735953299998528,
        0.14849948799997037,
        0.14794971900005294,
        0.14745054499996968,
        0.149287789999903,
        0.14864008299991838,
        0.15086625200001436,
        0.14846399700002166,
        0.14825074700002006,
        0.14827077600000393,
        0.14862550699990607,
        0.14854038600003605,
        0.14887174099999356,
        0.1505799520000437,
        0.14928627400001915,
        0.14775887500002227,
        0.14810855100006393,
        0.14809088300000894,
        0.1479568909999216
      ]
    },
    "matrix_power": {
      "mean": 0.10949094663333957,
      "std": 0.0007064428743194164,
      "min": 0.10856768199994349,
      "max": 0.11174679800001286,
      "times": [
        0.11024199300004511,
        0.11042476899990561,
        0.10860124299995277,
        0.1092322099999592,
        0.10927935799998068,
        0.10927491699999337,
        0.10919387100000222,
        0.10925152000004346,
        0.10856768199994349,
        0.11088462499992602,
        0.10949874599998566,
        0.1092240010000296,
        0.10920666900005926,
        0.10953368800005592,
        0.10931502700009332,
        0.1091075679998994,
        0.10913551400005872,
        0.11095517399996879,
        0.10917330899997069,
        0.10919417699994938,
        0.10914258100001462,
        0.10920816000009381,
        0.10914000700006454,
        0.10911993399997755,
        0.10913343300001088,
        0.10912642900007086,
        0.11174679800001286,
        0.11042098000007172,
        0.10914771900002052,
        0.10924629700002697
      ]
    },
    "sorting": {
      "mean": 0.014762440966687032,
      "std": 7.547743182541171e-05,
      "min": 0.01462208999998893,
      "max": 0.014922531000024719,
      "times": [
        0.014922531000024719,
        0.014845744000012928,
        0.01476222900009816,
        0.014725995000048897,
        0.014636526999993293,
        0.014741051000100924,
        0.01462208999998893,
        0.01481361100002232,
        0.01478199999996832,
        0.014730464999956894,
        0.014905186000078174,
        0.014912008000010246,
        0.014729876999922453,
        0.014703324000038265,
        0.014634870999998384,
        0.014772917000072994,
        0.014877818000059051,
        0.014785308999989866,
        0.014707614000030844,
        0.014768937999974696,
        0.014651159000095504,
        0.014758465999989312,
        0.014760412999976324,
        0.014740895000045384,
        0.014769426000043495,
        0.01474449900001673,
        0.014731826000002002,
        0.014803191999931187,
        0.014782981000053041,
        0.014750267000067652
      ]
    },
    "crossproduct": {
      "mean": 0.20447617969999404,
      "std": 0.009191036589506204,
      "min": 0.1976814680000416,
      "max": 0.2376311570000098,
      "times": [
        0.20185043800006497,
        0.21599450199994408,
        0.21306321699989894,
        0.20230004300003657,
        0.19886337999992065,
        0.20011641500002497,
        0.20747733799998969,
        0.20000406600001952,
        0.1976814680000416,
        0.2376311570000098,
        0.19942550500002199,
        0.20226848799995878,
        0.21397260599997026,
        0.20073983100007808,
        0.19860456899994006,
        0.21494294499996158,
        0.20173318699994525,
        0.22755121399995915,
        0.19987751999997272,
        0.2019299990000718,
        0.20197736000000077,
        0.1993273020000288,
        0.19854867699996248,
        0.19849485199995343,
        0.1982248360000085,
        0.1982480060000853,
        0.2007379570000012,
        0.19922610999992685,
        0.19986243400001058,
        0.20360996900001282
      ]
    },
    "determinant": {
      "mean": 0.24749916676666242,
      "std": 0.09568558106094764,
      "min": 0.20716105299993615,
      "max": 0.5926062329999695,
      "times": [
        0.21649953799999366,
        0.20875576200000978,
        0.2081008559999873,
        0.23276208400000087,
        0.2083825730001081,
        0.2092585070000723,
        0.21320288499998696,
        0.2198981950000416,
        0.35515208899994377,
        0.21712958499995239,
        0.5701915229999486,
        0.2777104189999591,
        0.5926062329999695,
        0.20937883500005228,
        0.2088924299999917,
        0.20716105299993615,
        0.20775530799994613,
        0.20937299900003836,
        0.20738812000001872,
        0.20761279399994237,
        0.3290092720000075,
        0.21896737200006555,
        0.2099430639999582,
        0.21645776100001513,
        0.212176205999981,
        0.20922064599994883,
        0.21508639199998925,
        0.21033665300001303,
        0.2086882889999515,
        0.20787756000004265
      ]
    }
  }
}