{
  "language": "Python",
  "numpy_version": "2.3.5",
  "matrix_size": 2500,
  "n_runs": 30,
  "data_source": "synthetic",
  "data_description": "random normal matrices (seed 42)",
  "methodology": "Minimum time as primary estimator (Chen & Revels 2016)",
  "results": {
    "matrix_creation": {
      "mean": 0.11105448416668272,
      "std": 0.007798101674571453,
      "min": 0.10192349400040257,
      "max": 0.13459163700008503,
      "median": 0.10849065300021721,
      "times": [
        0.10470682000004672,
        0.10787041500043415,
        0.10741841000026398,
        0.10914225799979249,
        0.1110183649998362,
        0.10707026699992639,
        0.10745244999998249,
        0.10562900199965952,
        0.11266823200003273,
        0.10774360499999602,
        0.1064191129999017,
        0.10911089100000027,
        0.10192349400040257,
        0.1117091200003415,
        0.10503942900004404,
        0.10277342600011252,
        0.10509750100027304,
        0.10377133999963917,
        0.10939958500011926,
        0.13269099599983747,
        0.11976668999977846,
        0.10658007899974109,
        0.11981402599985813,
        0.13459163700008503,
        0.11542733199985378,
        0.11166557500018826,
        0.119979573999899,
        0.11392861200010884,
        0.10772728900019501,
        0.1134989920001317
      ],
      "validation_hash": "3cc472613fe868d5"
    },
    "matrix_power": {
      "mean": 0.1414716623332576,
      "std": 0.010537068300834092,
      "min": 0.131237162999696,
      "max": 0.17552478600009636,
      "median": 0.13795840750003663,
      "times": [
        0.14723989799995252,
        0.15678886899968347,
        0.1432763759999034,
        0.16270434400030354,
        0.13279678399976547,
        0.13809538100031205,
        0.14111839999986842,
        0.1378214339997612,
        0.13282437299994854,
        0.1504539659999864,
        0.13500880099991264,
        0.13359808199993495,
        0.13312265299964565,
        0.13398051800004396,
        0.13640346500005762,
        0.14488159299980907,
        0.1315746170002967,
        0.17552478600009636,
        0.15913101099977212,
        0.14476054699980523,
        0.14653009599987854,
        0.14115501500009486,
        0.14130031400009102,
        0.14044846400020106,
        0.13292709100005595,
        0.13607107099960558,
        0.13471831399965595,
        0.13695940199977485,
        0.13169704199981425,
        0.131237162999696
      ],
      "validation_hash": "01fa7650e3e8b950"
    },
    "sorting": {
      "mean": 0.018205967433338324,
      "std": 0.0011423654631555716,
      "min": 0.016460877000099572,
      "max": 0.02155588899995564,
      "median": 0.018164791000117475,
      "times": [
        0.01664270099990972,
        0.017018769000060274,
        0.017038945999956923,
        0.01830162200030827,
        0.017767736000223522,
        0.017259450999972614,
        0.018683519000205706,
        0.018508074000237684,
        0.01746978900018803,
        0.01973627799998212,
        0.018627669000125024,
        0.02155588899995564,
        0.017491701999915676,
        0.016460877000099572,
        0.01757764000012685,
        0.018473871999958646,
        0.0167376049998893,
        0.018073974999879283,
        0.018255607000355667,
        0.019242127999859804,
        0.01766215399993598,
        0.018815918999735004,
        0.018787906999932602,
        0.019062679999933607,
        0.020314352000241342,
        0.017232704999969428,
        0.019537416999810375,
        0.017604757999833964,
        0.018552055999862205,
        0.017685225999684917
      ],
      "validation_hash": "45557c6fa57f4113"
    },
    "crossproduct": {
      "mean": 0.2505167709665633,
      "std": 0.012748058902263238,
      "min": 0.22991762599986032,
      "max": 0.28775403099962205,
      "median": 0.24765064299981532,
      "times": [
        0.24191755099991497,
        0.2473281060001682,
        0.24400285599995186,
        0.24733111299974553,
        0.2489434529998107,
        0.25996710999970674,
        0.24520800499976758,
        0.23682306000000608,
        0.25481700799991813,
        0.25778219199992236,
        0.23549534499989022,
        0.238431324999965,
        0.25703380999993897,
        0.24695764099988082,
        0.2642932839999048,
        0.27257774299960147,
        0.25470125500032736,
        0.2479701729998851,
        0.22991762599986032,
        0.2586200370001279,
        0.2372951769998508,
        0.24571733899983883,
        0.24059515899989492,
        0.2538130950001687,
        0.2759380359998431,
        0.28775403099962205,
        0.2357955959996616,
        0.2520401629999469,
        0.24592537499984246,
        0.2505104649999339
      ],
      "validation_hash": "b57373d28747241c"
    },
    "determinant": {
      "mean": 0.30646151889995965,
      "std": 0.06037752034357181,
      "min": 0.2515780240000822,
      "max": 0.5859121210000922,
      "median": 0.2917575339997711,
      "times": [
        0.29876305199968556,
        0.2892782110002372,
        0.2795536869998614,
        0.3236955610000223,
        0.2789058739999746,
        0.33586433299979035,
        0.3606557119996978,
        0.30529917900003056,
        0.271858157999759,
        0.3035379580001063,
        0.29970818600031635,
        0.2930057929997929,
        0.27549554799998077,
        0.28887617000009413,
        0.29333409599985316,
        0.32330112799991184,
        0.28014434699980484,
        0.3137815690001844,
        0.2834960999998657,
        0.2905092749997493,
        0.3699725439996655,
        0.5859121210000922,
        0.25971881800023766,
        0.2815271669996946,
        0.25566558299988174,
        0.2515780240000822,
        0.26125488800016683,
        0.3427665720000732,
        0.3213411050001014,
        0.27504480800007514
      ],
      "validation_hash": "68d2fb1d3beceed7"
    }
  },
  "validation_hashes": {
    "matrix_creation": "3cc472613fe868d5",
    "matrix_power": "01fa7650e3e8b950",
    "sorting": "45557c6fa57f4113",
    "crossproduct": "b57373d28747241c",
    "determinant": "68d2fb1d3beceed7"
  }
}