{
  "language": "Python",
  "numpy_version": "2.3.5",
  "matrix_size": 2500,
  "n_runs": 30,
  "data_source": "synthetic",
  "data_description": "random normal matrices (seed 42)",
  "methodology": "Minimum time as primary estimator (Chen & Revels 2016)",
  "results": {
    "matrix_creation": {
      "mean": 0.09445248866662344,
      "std": 0.0027261062370777175,
      "min": 0.09108045700122602,
      "max": 0.10105210300025647,
      "median": 0.093908724999892,
      "times": [
        0.10105210300025647,
        0.10089797100044962,
        0.09581005899963202,
        0.09712664899961965,
        0.09992916499868443,
        0.0923568329999398,
        0.09727874999953201,
        0.09201852099977259,
        0.09536521600057313,
        0.09604912100076035,
        0.09151756499886687,
        0.09521572000085143,
        0.09233927000059339,
        0.09132802800013451,
        0.09582747700005712,
        0.09312459200009471,
        0.09301045400025032,
        0.09518635499989614,
        0.09304187999987334,
        0.09408689600059006,
        0.0954232639996917,
        0.09309486699930858,
        0.09325660299873562,
        0.09224665300098422,
        0.09402483499980008,
        0.09493456699965463,
        0.09134513199933281,
        0.09379261499998393,
        0.09181304199955775,
        0.09108045700122602
      ],
      "validation_hash": "be4daaae14990976"
    },
    "matrix_power": {
      "mean": 0.11733652530007627,
      "std": 0.0057018236198913405,
      "min": 0.11135545300021477,
      "max": 0.1426222649988631,
      "median": 0.11604797250038246,
      "times": [
        0.11135545300021477,
        0.1426222649988631,
        0.11402914100108319,
        0.11574287599978561,
        0.11781183699895337,
        0.11668682299932698,
        0.11390863399901718,
        0.11217277700052364,
        0.11328135699841368,
        0.11461814200083609,
        0.11771128000145836,
        0.11582426399945689,
        0.11565721099941584,
        0.11304048200145189,
        0.11739025200040487,
        0.11847878799926548,
        0.11752492400046322,
        0.11773341700063611,
        0.1244164580002689,
        0.11402423399886175,
        0.11627168100130802,
        0.12390529500044067,
        0.11820234900005744,
        0.11567798200121615,
        0.11421696099932888,
        0.11318122100055916,
        0.11541745600152353,
        0.1179802139995445,
        0.11906688099952589,
        0.12214510400008294
      ],
      "validation_hash": "d1d7eeb1e4ec7339"
    },
    "sorting": {
      "mean": 0.01545457049972659,
      "std": 0.00045882642919818086,
      "min": 0.01475943900004495,
      "max": 0.016561596999963513,
      "median": 0.015369808500508952,
      "times": [
        0.016552399998545297,
        0.015368325999588706,
        0.01571196599979885,
        0.015252031998898019,
        0.01483163900047657,
        0.014948624999306048,
        0.015535145999820088,
        0.015792628999406588,
        0.015555945999949472,
        0.01475943900004495,
        0.015392209999845363,
        0.015635169000233873,
        0.015370692000942654,
        0.015057888000228559,
        0.015368800000942429,
        0.015200050998828374,
        0.01517455599969253,
        0.016560730999117368,
        0.01536892500007525,
        0.015195518000837183,
        0.015191314998446614,
        0.015597796998918056,
        0.015456810000614496,
        0.01545303300008527,
        0.015632317999916268,
        0.015186625998467207,
        0.014885542999763857,
        0.015268267999999807,
        0.016561596999963513,
        0.01577111999904446
      ],
      "validation_hash": "5017572ba87784ff"
    },
    "crossproduct": {
      "mean": 0.25530783933336354,
      "std": 0.04256487997094227,
      "min": 0.20764981299907959,
      "max": 0.33513729500009504,
      "median": 0.22902168299970072,
      "times": [
        0.30485740799849737,
        0.33513729500009504,
        0.2905898180015356,
        0.29621575200144434,
        0.30639734899887117,
        0.281467843999053,
        0.22432303000096,
        0.22025801299969316,
        0.23260604099959892,
        0.2131836589996965,
        0.22358851299941307,
        0.22259629799918912,
        0.21067515799950343,
        0.21117817100093816,
        0.3055093599996326,
        0.2959107110000332,
        0.3062438939996355,
        0.2953345410005568,
        0.30193129100007354,
        0.28244055499999376,
        0.2520162730015727,
        0.2254373249998025,
        0.20764981299907959,
        0.21537364300093031,
        0.2241448170007061,
        0.21025921899854438,
        0.208653776000574,
        0.22324688100161438,
        0.21842120600013004,
        0.3135875259995373
      ],
      "validation_hash": "c45649776ba15a66"
    },
    "determinant": {
      "mean": 0.3001700553668343,
      "std": 0.09741735853952395,
      "min": 0.22507772900098644,
      "max": 0.6632367239999439,
      "median": 0.25476870449983835,
      "times": [
        0.2494840639992617,
        0.24947788500139723,
        0.6632367239999439,
        0.4464946149983007,
        0.31517491599879577,
        0.2783390410004358,
        0.23692757800017716,
        0.25601708800058987,
        0.2495064659997297,
        0.23389990599935118,
        0.23761972500142292,
        0.22507772900098644,
        0.22998858600112726,
        0.25474142900020524,
        0.24467290899883665,
        0.23018255500028317,
        0.24805230799938727,
        0.25479597999947146,
        0.2540749270010565,
        0.245760103000066,
        0.2816271970004891,
        0.24699445599981118,
        0.5145785010008694,
        0.35700510300011956,
        0.29127814000094077,
        0.32176871100091375,
        0.3166562389997125,
        0.3180858830000943,
        0.33433004899961816,
        0.41925284800163354
      ],
      "validation_hash": "bcf609ecdea1894f"
    }
  },
  "validation_hashes": {
    "matrix_creation": "be4daaae14990976",
    "matrix_power": "d1d7eeb1e4ec7339",
    "sorting": "5017572ba87784ff",
    "crossproduct": "c45649776ba15a66",
    "determinant": "bcf609ecdea1894f"
  }
}