{
  "mercator_1000": {
    "n_points": 1000,
    "min_time_s": 0.0005408450000459197,
    "mean_time_s": 0.0006368387000065922,
    "std_time_s": 3.288014433065319e-05,
    "points_per_second": 1848958,
    "normality_p": 0.001,
    "is_normal": false,
    "ci_95": [
      0.0005408450000459197,
      0.0006424660000448057
    ],
    "hash": "1a0c58bc81184bb2"
  },
  "utm_1000": {
    "n_points": 1000,
    "min_time_s": 0.041826068000091254,
    "mean_time_s": 0.042124667800021595,
    "std_time_s": 0.00015597724454730237,
    "points_per_second": 23908,
    "hash": "1d0fec71f9729014"
  },
  "mercator_5000": {
    "n_points": 5000,
    "min_time_s": 0.0009948549999307943,
    "mean_time_s": 0.0011543700999823159,
    "std_time_s": 5.394505571999894e-05,
    "points_per_second": 5025858,
    "normality_p": 0.001,
    "is_normal": false,
    "ci_95": [
      0.0009948549999307943,
      0.001165907999961746
    ],
    "hash": "64e75f35e0bd4202"
  },
  "utm_5000": {
    "n_points": 5000,
    "min_time_s": 0.07879861899994012,
    "mean_time_s": 0.08049673119996896,
    "std_time_s": 0.0009833184484824527,
    "points_per_second": 63452,
    "hash": "815be1845177ed7b"
  },
  "mercator_10000": {
    "n_points": 10000,
    "min_time_s": 0.0016197829999100577,
    "mean_time_s": 0.0017812682999988282,
    "std_time_s": 5.465121820220921e-05,
    "points_per_second": 6173666,
    "normality_p": 0.001,
    "is_normal": false,
    "ci_95": [
      0.0016197829999100577,
      0.001788884000006874
    ],
    "hash": "fcab7fc7a436177a"
  },
  "utm_10000": {
    "n_points": 10000,
    "min_time_s": 0.12516773400000147,
    "mean_time_s": 0.12667861659999743,
    "std_time_s": 0.0007928589247002363,
    "points_per_second": 79892,
    "hash": "a44e26fdfa708bea"
  }
}